robriguez,rodiguez,rodirguez,rodlriguez,rodrdiguez,rodrgiuez,rodrguez,rodrifguez,rodrigez,rodrigguez,rodrigiuez,rodriguaz,rodrigue,rodriguez,rodriguiez,rodrigurez,rodriguuez,rodriuez,rodruiguez,rofdriguez,ropdriguez,srodriguez
marinez,maritinez,martienz,martin,martinaz,martines,martinexz,martinez,martineza,martinezs,martiniez,martiñez,matinez,mmartinez
gonzaez,gonzale,gonzalea,gonzales,gonzalez,gonzalo,gonzalñez,gonzaqlez,gonzlaez,gonzxalez
henandez,herandez,hernadez,hernanadez,hernande,hernandez,hernandz,hernanedz,hernnadez,hrnandez
saanchez,sanachez,sancehz,sanche,sanchea,sanches,sanchez,sanchezs,sanchsz,sanhez
espinal,espindola,espinel,espiniosa,espinisa,espino,espinos,espinosa,espinoza
castellamos,castellano,castellanos,castellenos,castelllanos,castellon,castllanos,catellanos
guerero,guerreo,guerrero,guerrreo,guerrrero,guerrro,gurrero,guyerrero
albararcion,albarracil,albarracin,albarracion,albarran,albarrracin,albbarracin,albrracin
carvaja,carvajal,carvajalino,carvajas,carvalja,carvasjal,carvjal,cavajal
monero,montejo,montenefro,montenegro,montenero,montengro,montero,montnegro
mopreno,morenio,moreno,morenop,morerno,morneo,morreno,mroeno
cordero,corrdedor,corredo,corredop,corredor,corregidor,correjidor,correo
varags,varas,varga,vargas,vargaz,vargs,vargsa
buirago,buitgrago,buitragio,buitrago,buitraqgo,buitrgo,buuitrago
cadena,cardena,cardenal,cardenas,cardenass,cardens,cardernas
granada,granados,granandos,granda,grandas,grandona,grandos
betancort,betancour,betancourt,betancourth,betancur,betancurt,betancuurt
jimemez,jimemnez,jimene,jimeneez,jimenes,jimenez,jimennez
torers,tores,torre,torres,torresa,torrez,torrres
guierrez,gutierez,gutierreez,gutierres,gutierrez,gutirrez,guutierrez
guayaban,guayabo,guayacan,guayacundo,guayasan,guayatan,guayazan
casatillo,castilla,castillo,castllo,castrillo,castrillon,cstillo
villamarin,villamicar,villamil,villamir,villamizar,villamor
corrales,correa,correal,correales,correra,corresa
ramireez,ramires,ramirez,ramirz,rammirez,ramoirez
barreiro,barrero,barrerto,barreto,barrote,barrteo
camarga,camargao,camargo,camoargo,camrago,camrgo
benabides,benavide,benavides,benavidez,benevides,benvides
batista,baustista,bautisat,bautisata,bautista,bautistya
figeredo,figueredo,figuereo,figuereso,figueroa,figuerredo
cuchibague,cuchimaque,cuchivage,cuchivague,cuchivaguen,cuchivaque